<?xml version="1.0"?>
<doc>
    <assembly>
        "Pllloi"
    </assembly>
    <members>
        <member name="M:ElementMapFactory.buildElementMap(System.Int32)">
Generate element Map By Type

</member>
        <member name="F:Map.width">
Size of the Map

</member>
        <member name="M:Map.generateMap">
Map Generation

</member>
        <member name="T:Map.MapState">
Etat de la Map

</member>
        <member name="T:ElementMap.ElementType">
List of Element Type

</member>
    </members>
</doc>